-- phpMyAdmin SQL Dump
-- version 4.9.1
-- https://www.phpmyadmin.net/
--
-- Host: 127.0.0.1
-- Generation Time: Dec 14, 2019 at 02:24 PM
-- Server version: 10.4.8-MariaDB
-- PHP Version: 7.3.11

SET SQL_MODE = "NO_AUTO_VALUE_ON_ZERO";
SET AUTOCOMMIT = 0;
START TRANSACTION;
SET time_zone = "+00:00";


/*!40101 SET @OLD_CHARACTER_SET_CLIENT=@@CHARACTER_SET_CLIENT */;
/*!40101 SET @OLD_CHARACTER_SET_RESULTS=@@CHARACTER_SET_RESULTS */;
/*!40101 SET @OLD_COLLATION_CONNECTION=@@COLLATION_CONNECTION */;
/*!40101 SET NAMES utf8mb4 */;

--
-- Database: `patientmonitoringdb`
--

-- --------------------------------------------------------

--
-- Table structure for table `alarm`
--

CREATE TABLE `alarm` (
  `id` int(11) NOT NULL,
  `patient_id` int(11) NOT NULL,
  `reading_id` int(11) DEFAULT NULL,
  `specific_id` int(11) DEFAULT NULL,
  `triggerValue` double NOT NULL,
  `dateTimeTrigger` datetime NOT NULL,
  `dateTimeMuted` datetime NOT NULL,
  `remark` varchar(100) NOT NULL
) ENGINE=InnoDB DEFAULT CHARSET=utf8mb4;

--
-- Dumping data for table `alarm`
--

INSERT INTO `alarm` (`id`, `patient_id`, `reading_id`, `specific_id`, `triggerValue`, `dateTimeTrigger`, `dateTimeMuted`, `remark`) VALUES
(1, 1001, 0, 62, 0, '2019-12-09 10:26:50', '1001-01-01 00:00:00', 'Temperature'),
(2, 1001, 2, 0, 120, '2019-12-09 10:26:52', '1001-01-01 00:00:00', 'Blood Pressure'),
(3, 1001, 2, 0, 20, '2019-12-09 10:26:54', '1001-01-01 00:00:00', 'Breathing Rate'),
(4, 1001, 0, 67, 0, '2019-12-09 10:26:55', '1001-01-01 00:00:00', 'Blood Pressure'),
(5, 1001, 0, 62, 0, '2019-12-09 10:26:55', '1001-01-01 00:00:00', 'Temperature'),
(6, 1001, 2, 0, 20, '2019-12-09 10:26:55', '1001-01-01 00:00:00', 'Breathing Rate'),
(7, 1001, 0, 67, 0, '2019-12-09 10:26:57', '1001-01-01 00:00:00', 'Blood Pressure'),
(8, 1001, 2, 0, 20, '2019-12-09 10:26:57', '1001-01-01 00:00:00', 'Breathing Rate'),
(9, 1001, 0, 67, 0, '2019-12-09 10:26:59', '1001-01-01 00:00:00', 'Blood Pressure'),
(10, 1001, 0, 62, 0, '2019-12-09 10:26:59', '1001-01-01 00:00:00', 'Temperature'),
(11, 1001, 2, 0, 20, '2019-12-09 10:26:59', '1001-01-01 00:00:00', 'Breathing Rate'),
(12, 1001, 0, 95, 0, '2019-12-09 10:27:00', '1001-01-01 00:00:00', 'Pulse Rate'),
(13, 1001, 0, 67, 0, '2019-12-09 10:27:00', '1001-01-01 00:00:00', 'Blood Pressure'),
(14, 1001, 0, 62, 0, '2019-12-09 10:27:00', '1001-01-01 00:00:00', 'Temperature'),
(15, 1001, 2, 0, 20, '2019-12-09 10:27:00', '1001-01-01 00:00:00', 'Breathing Rate'),
(16, 1001, 0, 95, 0, '2019-12-09 10:27:02', '1001-01-01 00:00:00', 'Pulse Rate'),
(17, 1001, 2, 0, 120, '2019-12-09 10:27:02', '1001-01-01 00:00:00', 'Blood Pressure'),
(18, 1001, 0, 95, 0, '2019-12-09 10:27:04', '2019-12-09 10:27:14', 'Pulse Rate'),
(19, 1001, 2, 0, 20, '2019-12-09 10:27:15', '1001-01-01 00:00:00', 'Breathing Rate'),
(20, 1001, 2, 0, 20, '2019-12-09 10:27:17', '2019-12-14 17:54:55', 'Breathing Rate'),
(21, 1002, 0, 62, 0, '2019-12-09 12:13:33', '1001-01-01 00:00:00', 'Temperature'),
(22, 1002, 0, 67, 0, '2019-12-09 12:13:37', '1001-01-01 00:00:00', 'Blood Pressure'),
(23, 1002, 0, 62, 0, '2019-12-09 12:13:37', '1001-01-01 00:00:00', 'Temperature'),
(24, 1002, 0, 67, 0, '2019-12-09 12:13:39', '1001-01-01 00:00:00', 'Blood Pressure'),
(25, 1002, 0, 67, 0, '2019-12-09 12:13:40', '1001-01-01 00:00:00', 'Blood Pressure'),
(26, 1002, 0, 62, 0, '2019-12-09 12:13:40', '1001-01-01 00:00:00', 'Temperature'),
(27, 1002, 0, 67, 0, '2019-12-09 12:13:42', '1001-01-01 00:00:00', 'Blood Pressure'),
(28, 1002, 0, 95, 0, '2019-12-09 12:13:42', '1001-01-01 00:00:00', 'Pulse Rate'),
(29, 1002, 0, 62, 0, '2019-12-09 12:13:42', '1001-01-01 00:00:00', 'Temperature'),
(30, 1002, 0, 95, 0, '2019-12-09 12:13:43', '1001-01-01 00:00:00', 'Pulse Rate'),
(31, 1002, 0, 95, 0, '2019-12-09 12:13:45', '2019-12-09 12:14:18', 'Pulse Rate'),
(32, 1002, 0, 62, 0, '2019-12-14 16:00:00', '1001-01-01 00:00:00', 'Temperature'),
(33, 1002, 0, 62, 0, '2019-12-14 16:00:05', '1001-01-01 00:00:00', 'Temperature'),
(34, 1002, 0, 62, 0, '2019-12-14 16:00:08', '1001-01-01 00:00:00', 'Temperature'),
(35, 1002, 0, 62, 0, '2019-12-14 16:00:09', '2019-12-14 16:00:42', 'Temperature'),
(36, 1002, 0, 62, 0, '2019-12-14 16:02:07', '1001-01-01 00:00:00', 'Temperature'),
(37, 1002, 0, 62, 0, '2019-12-14 16:02:12', '2019-12-14 16:02:13', 'Temperature'),
(38, 1002, 0, 62, 0, '2019-12-14 16:02:15', '1001-01-01 00:00:00', 'Temperature'),
(39, 1002, 0, 62, 0, '2019-12-14 16:03:48', '1001-01-01 00:00:00', 'Temperature'),
(40, 1002, 0, 62, 0, '2019-12-14 16:03:53', '2019-12-14 16:03:53', 'Temperature'),
(41, 1002, 0, 62, 0, '2019-12-14 16:03:56', '1001-01-01 00:00:00', 'Temperature'),
(42, 1002, 0, 62, 0, '2019-12-14 16:09:48', '1001-01-01 00:00:00', 'Temperature'),
(43, 1002, 0, 62, 0, '2019-12-14 16:09:53', '2019-12-14 16:09:55', 'Temperature'),
(44, 1002, 0, 62, 0, '2019-12-14 16:09:56', '1001-01-01 00:00:00', 'Temperature'),
(45, 1002, 0, 62, 0, '2019-12-14 16:09:57', '1001-01-01 00:00:00', 'Temperature'),
(46, 1002, 0, 62, 0, '2019-12-14 16:22:04', '1001-01-01 00:00:00', 'Temperature'),
(47, 1002, 0, 62, 0, '2019-12-14 16:22:08', '1001-01-01 00:00:00', 'Temperature'),
(48, 1002, 0, 62, 0, '2019-12-14 16:22:11', '1001-01-01 00:00:00', 'Temperature'),
(49, 1002, 0, 62, 0, '2019-12-14 16:22:13', '2019-12-14 16:22:28', 'Temperature'),
(50, 1002, 0, 62, 0, '2019-12-14 16:23:35', '1001-01-01 00:00:00', 'Temperature'),
(51, 1002, 0, 62, 0, '2019-12-14 16:23:39', '1001-01-01 00:00:00', 'Temperature'),
(52, 1002, 0, 62, 0, '2019-12-14 16:23:43', '2019-12-14 16:23:43', 'Temperature'),
(53, 1002, 0, 62, 0, '2019-12-14 16:23:44', '1001-01-01 00:00:00', 'Temperature'),
(54, 1002, 0, 62, 0, '2019-12-14 16:25:07', '1001-01-01 00:00:00', 'Temperature'),
(55, 1002, 0, 62, 0, '2019-12-14 16:25:12', '1001-01-01 00:00:00', 'Temperature'),
(56, 1002, 0, 62, 0, '2019-12-14 16:25:15', '1001-01-01 00:00:00', 'Temperature'),
(57, 1002, 0, 62, 0, '2019-12-14 16:25:16', '1001-01-01 00:00:00', 'Temperature'),
(58, 1002, 0, 62, 0, '2019-12-14 16:35:31', '1001-01-01 00:00:00', 'Temperature'),
(59, 1002, 0, 62, 0, '2019-12-14 16:35:35', '2019-12-14 16:35:36', 'Temperature'),
(60, 1002, 0, 62, 0, '2019-12-14 16:35:38', '1001-01-01 00:00:00', 'Temperature'),
(61, 1002, 0, 62, 0, '2019-12-14 16:35:40', '1001-01-01 00:00:00', 'Temperature'),
(62, 1002, 0, 62, 0, '2019-12-14 16:42:17', '1001-01-01 00:00:00', 'Temperature'),
(63, 1002, 0, 67, 0, '2019-12-14 16:42:22', '1001-01-01 00:00:00', 'Blood Pressure'),
(64, 1002, 0, 62, 0, '2019-12-14 16:42:22', '1001-01-01 00:00:00', 'Temperature'),
(65, 1002, 0, 67, 0, '2019-12-14 16:42:23', '1001-01-01 00:00:00', 'Blood Pressure'),
(66, 1002, 0, 67, 0, '2019-12-14 16:42:25', '1001-01-01 00:00:00', 'Blood Pressure'),
(67, 1002, 0, 62, 0, '2019-12-14 16:42:25', '1001-01-01 00:00:00', 'Temperature'),
(68, 1002, 0, 95, 0, '2019-12-14 16:42:26', '1001-01-01 00:00:00', 'Pulse Rate'),
(69, 1002, 0, 67, 0, '2019-12-14 16:42:26', '1001-01-01 00:00:00', 'Blood Pressure'),
(70, 1002, 0, 62, 0, '2019-12-14 16:42:26', '1001-01-01 00:00:00', 'Temperature'),
(71, 1002, 0, 95, 0, '2019-12-14 16:42:28', '2019-12-14 16:42:28', 'Pulse Rate'),
(72, 1002, 0, 95, 0, '2019-12-14 16:42:29', '2019-12-14 17:54:50', 'Pulse Rate');

-- --------------------------------------------------------

--
-- Table structure for table `bedsidemonitor`
--

CREATE TABLE `bedsidemonitor` (
  `id` int(4) NOT NULL,
  `centralStation_id` int(11) NOT NULL,
  `status` tinyint(1) NOT NULL,
  `alarmStatus` tinyint(1) NOT NULL,
  `alarmZeroStatus` tinyint(1) NOT NULL
) ENGINE=InnoDB DEFAULT CHARSET=utf8mb4;

--
-- Dumping data for table `bedsidemonitor`
--

INSERT INTO `bedsidemonitor` (`id`, `centralStation_id`, `status`, `alarmStatus`, `alarmZeroStatus`) VALUES
(1, 2001, 1, 0, 0),
(2, 2001, 0, 0, 0),
(3, 2001, 0, 0, 0),
(4, 2001, 0, 0, 0),
(5, 2001, 0, 0, 0),
(6, 2001, 0, 0, 0),
(7, 2001, 0, 0, 0),
(8, 2001, 1, 0, 0);

-- --------------------------------------------------------

--
-- Table structure for table `bloodpressure`
--

CREATE TABLE `bloodpressure` (
  `id` int(11) NOT NULL,
  `patient_id` int(11) NOT NULL,
  `bloodPressureValue` double NOT NULL,
  `bloodPressureTime` time NOT NULL,
  `bloodPressureDate` date NOT NULL
) ENGINE=InnoDB DEFAULT CHARSET=utf8mb4;

--
-- Dumping data for table `bloodpressure`
--

INSERT INTO `bloodpressure` (`id`, `patient_id`, `bloodPressureValue`, `bloodPressureTime`, `bloodPressureDate`) VALUES
(55, 1001, 110, '09:04:53', '2019-12-09'),
(56, 1006, 110, '09:04:54', '2019-12-09'),
(57, 1001, 100, '09:04:56', '2019-12-09'),
(58, 1006, 100, '09:04:55', '2019-12-09'),
(59, 1001, 130, '09:04:57', '2019-12-09'),
(60, 1006, 130, '09:04:57', '2019-12-09'),
(61, 1001, 110, '09:04:59', '2019-12-09'),
(62, 1006, 110, '09:04:59', '2019-12-09'),
(63, 1006, 120, '09:05:00', '2019-12-09'),
(64, 1001, 120, '09:05:01', '2019-12-09'),
(65, 1006, 130, '09:05:02', '2019-12-09'),
(66, 1001, 130, '09:05:02', '2019-12-09'),
(67, 1006, 0, '09:05:04', '2019-12-09'),
(68, 1001, 0, '09:05:04', '2019-12-09'),
(69, 1001, 0, '09:05:06', '2019-12-09'),
(70, 1006, 0, '09:05:06', '2019-12-09'),
(71, 1001, 0, '09:05:09', '2019-12-09'),
(72, 1006, 0, '09:05:08', '2019-12-09'),
(73, 1001, 0, '09:05:11', '2019-12-09'),
(74, 1006, 0, '09:05:10', '2019-12-09'),
(75, 1001, 120, '09:05:13', '2019-12-09'),
(76, 1006, 120, '09:05:12', '2019-12-09'),
(77, 1001, 130, '09:05:14', '2019-12-09'),
(78, 1006, 130, '09:05:14', '2019-12-09'),
(79, 1001, 110, '09:05:16', '2019-12-09'),
(80, 1006, 110, '09:05:15', '2019-12-09'),
(81, 1001, 110, '09:05:44', '2019-12-09'),
(82, 1001, 100, '09:05:46', '2019-12-09'),
(83, 1001, 130, '09:05:47', '2019-12-09'),
(84, 1001, 110, '09:05:49', '2019-12-09'),
(85, 1001, 110, '09:06:11', '2019-12-09'),
(86, 1001, 100, '09:06:12', '2019-12-09'),
(87, 1001, 130, '09:06:14', '2019-12-09'),
(88, 1001, 110, '09:06:16', '2019-12-09'),
(89, 1001, 120, '09:06:17', '2019-12-09'),
(90, 1001, 130, '09:06:19', '2019-12-09'),
(91, 1001, 0, '09:06:20', '2019-12-09'),
(92, 1001, 0, '09:06:22', '2019-12-09'),
(93, 1001, 0, '09:06:24', '2019-12-09'),
(94, 1004, 110, '09:41:48', '2019-12-09'),
(95, 1004, 100, '09:41:50', '2019-12-09'),
(96, 1004, 130, '09:41:51', '2019-12-09'),
(97, 1004, 110, '09:41:53', '2019-12-09'),
(98, 1004, 120, '09:41:54', '2019-12-09'),
(99, 1004, 130, '09:41:56', '2019-12-09'),
(100, 1004, 0, '09:41:57', '2019-12-09'),
(101, 1004, 0, '09:41:59', '2019-12-09'),
(102, 1004, 0, '09:42:00', '2019-12-09'),
(103, 1004, 0, '09:42:02', '2019-12-09'),
(104, 1004, 120, '09:42:03', '2019-12-09'),
(105, 1004, 130, '09:42:05', '2019-12-09'),
(106, 1004, 110, '09:42:06', '2019-12-09'),
(107, 1001, 110, '10:24:42', '2019-12-09'),
(108, 1001, 100, '10:24:44', '2019-12-09'),
(109, 1001, 130, '10:24:46', '2019-12-09'),
(110, 1001, 110, '10:24:47', '2019-12-09'),
(111, 1001, 120, '10:24:49', '2019-12-09'),
(112, 1001, 130, '10:24:51', '2019-12-09'),
(113, 1001, 0, '10:24:52', '2019-12-09'),
(114, 1001, 0, '10:24:54', '2019-12-09'),
(115, 1001, 0, '10:24:56', '2019-12-09'),
(116, 1001, 0, '10:24:57', '2019-12-09'),
(117, 1001, 120, '10:24:59', '2019-12-09'),
(118, 1001, 130, '10:25:01', '2019-12-09'),
(119, 1001, 110, '10:25:03', '2019-12-09'),
(120, 1001, 110, '10:26:43', '2019-12-09'),
(121, 1001, 100, '10:26:45', '2019-12-09'),
(122, 1001, 130, '10:26:47', '2019-12-09'),
(123, 1001, 110, '10:26:48', '2019-12-09'),
(124, 1001, 120, '10:26:50', '2019-12-09'),
(125, 1001, 130, '10:26:52', '2019-12-09'),
(126, 1001, 0, '10:26:53', '2019-12-09'),
(127, 1001, 0, '10:26:55', '2019-12-09'),
(128, 1001, 0, '10:26:57', '2019-12-09'),
(129, 1001, 0, '10:26:59', '2019-12-09'),
(130, 1001, 120, '10:27:00', '2019-12-09'),
(131, 1001, 130, '10:27:02', '2019-12-09'),
(132, 1001, 110, '10:27:04', '2019-12-09'),
(133, 1002, 110, '12:13:26', '2019-12-09'),
(134, 1002, 100, '12:13:28', '2019-12-09'),
(135, 1002, 130, '12:13:29', '2019-12-09'),
(136, 1002, 110, '12:13:31', '2019-12-09'),
(137, 1002, 120, '12:13:32', '2019-12-09'),
(138, 1002, 130, '12:13:34', '2019-12-09'),
(139, 1002, 0, '12:13:36', '2019-12-09'),
(140, 1002, 0, '12:13:37', '2019-12-09'),
(141, 1002, 0, '12:13:39', '2019-12-09'),
(142, 1002, 0, '12:13:40', '2019-12-09'),
(143, 1002, 120, '12:13:42', '2019-12-09'),
(144, 1002, 130, '12:13:43', '2019-12-09'),
(145, 1002, 110, '12:13:45', '2019-12-09'),
(146, 1002, 110, '16:42:11', '2019-12-14'),
(147, 1002, 100, '16:42:13', '2019-12-14'),
(148, 1002, 130, '16:42:14', '2019-12-14'),
(149, 1002, 110, '16:42:16', '2019-12-14'),
(150, 1002, 120, '16:42:17', '2019-12-14'),
(151, 1002, 130, '16:42:19', '2019-12-14'),
(152, 1002, 0, '16:42:20', '2019-12-14'),
(153, 1002, 0, '16:42:22', '2019-12-14'),
(154, 1002, 0, '16:42:23', '2019-12-14'),
(155, 1002, 0, '16:42:25', '2019-12-14'),
(156, 1002, 120, '16:42:26', '2019-12-14'),
(157, 1002, 130, '16:42:28', '2019-12-14'),
(158, 1002, 110, '16:42:29', '2019-12-14');

-- --------------------------------------------------------

--
-- Table structure for table `breathingrate`
--

CREATE TABLE `breathingrate` (
  `id` int(11) NOT NULL,
  `patient_id` int(11) NOT NULL,
  `breathingRateValue` double NOT NULL,
  `breathingRateTime` time NOT NULL,
  `breathingRateDate` date NOT NULL
) ENGINE=InnoDB DEFAULT CHARSET=utf8mb4;

--
-- Dumping data for table `breathingrate`
--

INSERT INTO `breathingrate` (`id`, `patient_id`, `breathingRateValue`, `breathingRateTime`, `breathingRateDate`) VALUES
(247, 1006, 12, '09:04:54', '2019-12-09'),
(248, 1001, 12, '09:04:55', '2019-12-09'),
(249, 1006, 13, '09:04:56', '2019-12-09'),
(250, 1001, 13, '09:04:57', '2019-12-09'),
(251, 1006, 14, '09:04:57', '2019-12-09'),
(252, 1001, 14, '09:04:58', '2019-12-09'),
(253, 1006, 15, '09:04:59', '2019-12-09'),
(254, 1001, 15, '09:05:00', '2019-12-09'),
(255, 1001, 16, '09:05:02', '2019-12-09'),
(256, 1006, 16, '09:05:01', '2019-12-09'),
(257, 1001, 20, '09:05:03', '2019-12-09'),
(258, 1006, 20, '09:05:03', '2019-12-09'),
(259, 1001, 20, '09:05:05', '2019-12-09'),
(260, 1006, 20, '09:05:05', '2019-12-09'),
(261, 1001, 20, '09:05:07', '2019-12-09'),
(262, 1006, 20, '09:05:08', '2019-12-09'),
(263, 1001, 20, '09:05:09', '2019-12-09'),
(264, 1006, 20, '09:05:10', '2019-12-09'),
(265, 1001, 20, '09:05:11', '2019-12-09'),
(266, 1006, 20, '09:05:12', '2019-12-09'),
(267, 1001, 12, '09:05:13', '2019-12-09'),
(268, 1001, 13, '09:05:14', '2019-12-09'),
(269, 1006, 12, '09:05:14', '2019-12-09'),
(270, 1001, 14, '09:05:16', '2019-12-09'),
(271, 1006, 13, '09:05:16', '2019-12-09'),
(272, 1001, 15, '09:05:18', '2019-12-09'),
(273, 1006, 14, '09:05:17', '2019-12-09'),
(274, 1001, 16, '09:05:19', '2019-12-09'),
(275, 1006, 15, '09:05:19', '2019-12-09'),
(276, 1001, 16, '09:05:21', '2019-12-09'),
(277, 1006, 16, '09:05:20', '2019-12-09'),
(278, 1006, 16, '09:05:22', '2019-12-09'),
(279, 1001, 12, '09:05:44', '2019-12-09'),
(280, 1001, 13, '09:05:46', '2019-12-09'),
(281, 1001, 14, '09:05:47', '2019-12-09'),
(282, 1001, 12, '09:06:11', '2019-12-09'),
(283, 1001, 13, '09:06:12', '2019-12-09'),
(284, 1001, 14, '09:06:14', '2019-12-09'),
(285, 1001, 15, '09:06:16', '2019-12-09'),
(286, 1001, 16, '09:06:17', '2019-12-09'),
(287, 1001, 20, '09:06:19', '2019-12-09'),
(288, 1001, 20, '09:06:21', '2019-12-09'),
(289, 1001, 20, '09:06:22', '2019-12-09'),
(290, 1001, 20, '09:06:24', '2019-12-09'),
(291, 1004, 12, '09:41:48', '2019-12-09'),
(292, 1004, 13, '09:41:50', '2019-12-09'),
(293, 1004, 14, '09:41:51', '2019-12-09'),
(294, 1004, 15, '09:41:53', '2019-12-09'),
(295, 1004, 16, '09:41:54', '2019-12-09'),
(296, 1004, 20, '09:41:56', '2019-12-09'),
(297, 1004, 20, '09:41:57', '2019-12-09'),
(298, 1004, 20, '09:41:59', '2019-12-09'),
(299, 1004, 20, '09:42:00', '2019-12-09'),
(300, 1004, 20, '09:42:02', '2019-12-09'),
(301, 1004, 12, '09:42:03', '2019-12-09'),
(302, 1004, 13, '09:42:05', '2019-12-09'),
(303, 1004, 14, '09:42:07', '2019-12-09'),
(304, 1004, 15, '09:42:08', '2019-12-09'),
(305, 1004, 16, '09:42:10', '2019-12-09'),
(306, 1004, 16, '09:42:11', '2019-12-09'),
(307, 1004, 16, '09:42:13', '2019-12-09'),
(308, 1004, 17, '09:42:14', '2019-12-09'),
(309, 1004, 20, '09:42:16', '2019-12-09'),
(310, 1004, 20, '09:42:17', '2019-12-09'),
(311, 1001, 12, '10:24:43', '2019-12-09'),
(312, 1001, 13, '10:24:44', '2019-12-09'),
(313, 1001, 14, '10:24:46', '2019-12-09'),
(314, 1001, 15, '10:24:47', '2019-12-09'),
(315, 1001, 16, '10:24:49', '2019-12-09'),
(316, 1001, 20, '10:24:51', '2019-12-09'),
(317, 1001, 20, '10:24:52', '2019-12-09'),
(318, 1001, 20, '10:24:54', '2019-12-09'),
(319, 1001, 20, '10:24:56', '2019-12-09'),
(320, 1001, 20, '10:24:57', '2019-12-09'),
(321, 1001, 12, '10:24:59', '2019-12-09'),
(322, 1001, 13, '10:25:01', '2019-12-09'),
(323, 1001, 14, '10:25:03', '2019-12-09'),
(324, 1001, 15, '10:25:05', '2019-12-09'),
(325, 1001, 16, '10:25:06', '2019-12-09'),
(326, 1001, 16, '10:25:08', '2019-12-09'),
(327, 1001, 16, '10:25:10', '2019-12-09'),
(328, 1001, 17, '10:25:11', '2019-12-09'),
(329, 1001, 20, '10:25:13', '2019-12-09'),
(330, 1001, 20, '10:25:14', '2019-12-09'),
(331, 1001, 12, '10:26:43', '2019-12-09'),
(332, 1001, 13, '10:26:45', '2019-12-09'),
(333, 1001, 14, '10:26:47', '2019-12-09'),
(334, 1001, 15, '10:26:49', '2019-12-09'),
(335, 1001, 16, '10:26:50', '2019-12-09'),
(336, 1001, 20, '10:26:52', '2019-12-09'),
(337, 1001, 20, '10:26:54', '2019-12-09'),
(338, 1001, 20, '10:26:55', '2019-12-09'),
(339, 1001, 20, '10:26:57', '2019-12-09'),
(340, 1001, 20, '10:26:59', '2019-12-09'),
(341, 1001, 12, '10:27:00', '2019-12-09'),
(342, 1001, 13, '10:27:02', '2019-12-09'),
(343, 1001, 14, '10:27:04', '2019-12-09'),
(344, 1001, 15, '10:27:05', '2019-12-09'),
(345, 1001, 16, '10:27:07', '2019-12-09'),
(346, 1001, 16, '10:27:09', '2019-12-09'),
(347, 1001, 16, '10:27:11', '2019-12-09'),
(348, 1001, 17, '10:27:12', '2019-12-09'),
(349, 1001, 20, '10:27:14', '2019-12-09'),
(350, 1001, 20, '10:27:15', '2019-12-09'),
(351, 1002, 12, '12:13:26', '2019-12-09'),
(352, 1002, 13, '12:13:28', '2019-12-09'),
(353, 1002, 14, '12:13:30', '2019-12-09'),
(354, 1002, 15, '12:13:31', '2019-12-09'),
(355, 1002, 16, '12:13:33', '2019-12-09'),
(356, 1002, 20, '12:13:34', '2019-12-09'),
(357, 1002, 20, '12:13:36', '2019-12-09'),
(358, 1002, 20, '12:13:37', '2019-12-09'),
(359, 1002, 20, '12:13:39', '2019-12-09'),
(360, 1002, 20, '12:13:41', '2019-12-09'),
(361, 1002, 12, '12:13:42', '2019-12-09'),
(362, 1002, 13, '12:13:44', '2019-12-09'),
(363, 1002, 14, '12:13:45', '2019-12-09'),
(364, 1002, 15, '12:13:47', '2019-12-09'),
(365, 1002, 16, '12:13:48', '2019-12-09'),
(366, 1002, 16, '12:13:50', '2019-12-09'),
(367, 1002, 16, '12:13:51', '2019-12-09'),
(368, 1002, 17, '12:13:53', '2019-12-09'),
(369, 1002, 20, '12:13:55', '2019-12-09'),
(370, 1002, 20, '12:13:56', '2019-12-09'),
(371, 1002, 12, '16:42:11', '2019-12-14'),
(372, 1002, 13, '16:42:13', '2019-12-14'),
(373, 1002, 14, '16:42:14', '2019-12-14'),
(374, 1002, 15, '16:42:16', '2019-12-14'),
(375, 1002, 16, '16:42:17', '2019-12-14'),
(376, 1002, 20, '16:42:19', '2019-12-14'),
(377, 1002, 20, '16:42:20', '2019-12-14'),
(378, 1002, 20, '16:42:22', '2019-12-14'),
(379, 1002, 20, '16:42:23', '2019-12-14'),
(380, 1002, 20, '16:42:25', '2019-12-14'),
(381, 1002, 12, '16:42:26', '2019-12-14'),
(382, 1002, 13, '16:42:28', '2019-12-14'),
(383, 1002, 14, '16:42:29', '2019-12-14'),
(384, 1002, 15, '16:42:31', '2019-12-14'),
(385, 1002, 16, '16:42:32', '2019-12-14'),
(386, 1002, 16, '16:42:34', '2019-12-14'),
(387, 1002, 16, '16:42:36', '2019-12-14'),
(388, 1002, 17, '16:42:37', '2019-12-14'),
(389, 1002, 20, '16:42:39', '2019-12-14'),
(390, 1002, 20, '16:42:40', '2019-12-14');

-- --------------------------------------------------------

--
-- Table structure for table `centralstation`
--

CREATE TABLE `centralstation` (
  `id` int(11) NOT NULL,
  `centralStationName` varchar(20) NOT NULL
) ENGINE=InnoDB DEFAULT CHARSET=utf8mb4;

--
-- Dumping data for table `centralstation`
--

INSERT INTO `centralstation` (`id`, `centralStationName`) VALUES
(2001, 'Bay SE');

-- --------------------------------------------------------

--
-- Table structure for table `consultant`
--

CREATE TABLE `consultant` (
  `id` int(5) UNSIGNED ZEROFILL NOT NULL,
  `user_account_id` int(11) NOT NULL,
  `consultant_id` varchar(6) NOT NULL,
  `first_name` varchar(20) NOT NULL,
  `last_name` varchar(20) NOT NULL,
  `identityCard` bigint(12) NOT NULL,
  `address` varchar(100) NOT NULL,
  `email` varchar(30) NOT NULL,
  `phone` int(10) UNSIGNED ZEROFILL NOT NULL,
  `work_status` tinyint(1) NOT NULL,
  `currentBedsideId` int(11) NOT NULL
) ENGINE=InnoDB DEFAULT CHARSET=utf8mb4;

--
-- Dumping data for table `consultant`
--

INSERT INTO `consultant` (`id`, `user_account_id`, `consultant_id`, `first_name`, `last_name`, `identityCard`, `address`, `email`, `phone`, `work_status`, `currentBedsideId`) VALUES
(100001, 1006, 'C10001', 'Adalee', 'Wong', 43563463454, 'jalan', 'adalee@gmail.com', 0143523534, 0, 0),
(100002, 1007, 'C10002', 'Liam', 'Siao', 2562345243, 'jalan e', 'liam@gmail.com', 0134353453, 0, 0),
(100003, 1008, 'C10003', 'James', 'Lord', 314342345, 'jalan u', 'james@gmail.com', 0165675443, 0, 0),
(100004, 1009, 'C00004', 'Yuo', 'Yuo', 3452352341, 'jalan ty', 'yuo@gmail.com', 0132543543, 0, 0),
(100005, 1010, 'C10005', 'Ree', 'Wong', 343243232, 'jalan t', 'ree@gmail.com', 0176245543, 0, 8);

-- --------------------------------------------------------

--
-- Table structure for table `management`
--

CREATE TABLE `management` (
  `id` int(5) UNSIGNED ZEROFILL NOT NULL,
  `user_account_id` int(11) NOT NULL,
  `management_id` varchar(6) NOT NULL,
  `first_name` varchar(20) NOT NULL,
  `last_name` varchar(20) NOT NULL,
  `identityCard` bigint(12) NOT NULL,
  `address` varchar(100) NOT NULL,
  `email` varchar(30) NOT NULL,
  `phone` int(10) UNSIGNED ZEROFILL NOT NULL,
  `work_status` tinyint(1) NOT NULL
) ENGINE=InnoDB DEFAULT CHARSET=utf8mb4;

--
-- Dumping data for table `management`
--

INSERT INTO `management` (`id`, `user_account_id`, `management_id`, `first_name`, `last_name`, `identityCard`, `address`, `email`, `phone`, `work_status`) VALUES
(00001, 1021, 'MG0001', 'Micheal', 'Shiao', 567434567812, 'jalan jalan', 'micheal@gmail.com', 0138906571, 0),
(00002, 1022, 'MG0002', 'Oliver', 'Lee', 976543245612, 'jalan jalan', 'oliver@gmail.com', 0156789990, 0);

-- --------------------------------------------------------

--
-- Table structure for table `medicalstaff`
--

CREATE TABLE `medicalstaff` (
  `id` int(5) UNSIGNED ZEROFILL NOT NULL,
  `user_account_id` int(11) NOT NULL,
  `medicalStaff_id` varchar(20) NOT NULL,
  `first_name` varchar(20) NOT NULL,
  `last_name` varchar(20) NOT NULL,
  `identityCard` bigint(20) NOT NULL,
  `address` varchar(100) NOT NULL,
  `email` varchar(30) NOT NULL,
  `phone` int(10) UNSIGNED ZEROFILL NOT NULL,
  `work_status` tinyint(1) NOT NULL,
  `currentBedsideId` int(11) NOT NULL
) ENGINE=InnoDB DEFAULT CHARSET=utf8mb4;

--
-- Dumping data for table `medicalstaff`
--

INSERT INTO `medicalstaff` (`id`, `user_account_id`, `medicalStaff_id`, `first_name`, `last_name`, `identityCard`, `address`, `email`, `phone`, `work_status`, `currentBedsideId`) VALUES
(00001, 1011, 'MS00001', 'Abby', 'Wong', 978656789765, 'jalan o', 'abby@gmail.com', 0198098765, 0, 0),
(00002, 1012, 'MS00002', 'Abi', 'Tan', 876545679876, 'jalan wahyu', 'abi@gmail.com', 0136578791, 0, 0),
(00003, 1013, 'MS00003', 'Kylo', 'Wong', 879767845678, 'jalan you', 'kylo@gmail.com', 0145766784, 0, 0),
(00004, 1014, 'MS00004', 'Kenzo', 'Tan', 987656783456, 'jalan halo', 'kenzo@gmail.com', 0145678980, 0, 0),
(00005, 1015, 'MS00005', 'Watson', 'Liew', 908765432213, 'jalan k', 'watson@gmail.com', 0156789940, 0, 0),
(00006, 1016, 'MS00006', 'Baker', 'Wong', 987675432100, 'jalan we', 'baker@gmail.com', 0147896554, 0, 0),
(00007, 1017, 'MS00007', 'Amias', 'Lee', 987634521091, 'jalan hu', 'amias@gmail.com', 0157658900, 0, 0),
(00008, 1018, 'MS00008', 'Mason', 'Lee', 912345678910, 'jalan w', 'mason@gmail.com', 0156789110, 0, 0),
(00009, 1019, 'MS00009', 'Logan', 'Wong', 954352163443, 'jalan r', 'logan@gmail.com', 0156789901, 0, 8),
(00010, 1020, 'MS00010', 'Ethan', 'Lee', 657843216789, 'jalan n', 'ethan@gmail.com', 0135678990, 0, 8);

-- --------------------------------------------------------

--
-- Table structure for table `nurse`
--

CREATE TABLE `nurse` (
  `id` int(5) UNSIGNED ZEROFILL NOT NULL,
  `user_account_id` int(11) NOT NULL,
  `nurse_id` varchar(20) NOT NULL,
  `first_name` varchar(20) NOT NULL,
  `last_name` varchar(20) NOT NULL,
  `identityCard` bigint(20) NOT NULL,
  `address` varchar(100) NOT NULL,
  `email` varchar(30) NOT NULL,
  `phone` int(10) UNSIGNED ZEROFILL NOT NULL,
  `work_status` tinyint(1) NOT NULL
) ENGINE=InnoDB DEFAULT CHARSET=utf8mb4;

--
-- Dumping data for table `nurse`
--

INSERT INTO `nurse` (`id`, `user_account_id`, `nurse_id`, `first_name`, `last_name`, `identityCard`, `address`, `email`, `phone`, `work_status`) VALUES
(00001, 1001, 'N00001', 'Amy', 'Wong', 920945673211, 'jalan utar', 'amywong@gmail.com', 0134567891, 0),
(00002, 1002, 'N00002', 'Emelia', 'Tan', 345612348901, 'jalan loke yew', 'emelia@gmail.com', 0113245890, 0),
(00003, 1003, 'N00003', 'Ava ', 'Tan', 657894301234, 'jalan wahyu', 'ava@gmail.com', 0134567421, 0),
(00004, 1004, 'N00004', 'Isabella', 'Tan', 9876543211234, 'jalan jalan', 'isabella@gmail.com', 0124567845, 0),
(00005, 1005, 'N00005', 'Sophia', 'Lee', 456234689432, 'jalan k', 'sophia@gmail.com', 0146732567, 0);

-- --------------------------------------------------------

--
-- Table structure for table `patient`
--

CREATE TABLE `patient` (
  `id` int(11) NOT NULL,
  `identityCard` bigint(12) NOT NULL,
  `fullName` varchar(20) NOT NULL,
  `address` varchar(100) NOT NULL,
  `email` varchar(20) NOT NULL,
  `gender` varchar(10) NOT NULL,
  `phone` int(30) NOT NULL,
  `age` int(11) NOT NULL,
  `registerDateTime` datetime NOT NULL,
  `bedsideId` int(11) DEFAULT NULL
) ENGINE=InnoDB DEFAULT CHARSET=utf8mb4;

--
-- Dumping data for table `patient`
--

INSERT INTO `patient` (`id`, `identityCard`, `fullName`, `address`, `email`, `gender`, `phone`, `age`, `registerDateTime`, `bedsideId`) VALUES
(1001, 978563421234, 'Bob', 'jalan jalan', 'bob1234@gmail.com', 'Male', 134567819, 17, '2019-11-04 05:14:19', 1),
(1002, 956034567890, 'Jason', 'jalan t', 'jason576@gmail.com', 'Male', 134568812, 18, '2019-11-12 07:19:24', 8),
(1003, 908678756789, 'raymond', 'fdasdf', 'raymond', 'Male', 123456789, 20, '2019-11-11 05:18:16', 0),
(1004, 987623451110, 'huya', 'jalan ja', 'huya@gmail.com', 'Female', 125678890, 30, '2019-11-19 06:21:19', 0),
(1005, 324324345341, 'ada', 'jalan ada', 'ada@gmail.com', 'Male', 107651134, 17, '2019-12-03 12:23:06', 0),
(1006, 5456365653, 'ava', 'jalan', 'ava@gmail.com', 'Female', 124263563, 20, '2019-12-07 10:24:24', 0),
(1007, 5634563464, 'Chris', 'jalan u', 'chris@gmail.com', 'Male', 126578911, 17, '2019-12-07 23:40:47', 0),
(1008, 3543534554, 'bella', 'jalan b', 'bella@gmail.com', 'Female', 134561156, 27, '2019-12-07 23:41:17', 0);

-- --------------------------------------------------------

--
-- Table structure for table `pulserate`
--

CREATE TABLE `pulserate` (
  `id` int(11) NOT NULL,
  `patient_id` int(11) NOT NULL,
  `pulseRateValue` double NOT NULL,
  `pulseRateTime` time NOT NULL,
  `pulseRateDate` date NOT NULL
) ENGINE=InnoDB DEFAULT CHARSET=utf8mb4;

--
-- Dumping data for table `pulserate`
--

INSERT INTO `pulserate` (`id`, `patient_id`, `pulseRateValue`, `pulseRateTime`, `pulseRateDate`) VALUES
(77, 1006, 60, '09:04:54', '2019-12-09'),
(78, 1001, 60, '09:04:54', '2019-12-09'),
(79, 1006, 70, '09:04:55', '2019-12-09'),
(80, 1001, 70, '09:04:56', '2019-12-09'),
(81, 1006, 80, '09:04:57', '2019-12-09'),
(82, 1001, 80, '09:04:58', '2019-12-09'),
(83, 1006, 80, '09:04:59', '2019-12-09'),
(84, 1001, 80, '09:04:59', '2019-12-09'),
(85, 1001, 90, '09:05:01', '2019-12-09'),
(86, 1006, 90, '09:05:00', '2019-12-09'),
(87, 1001, 85, '09:05:02', '2019-12-09'),
(88, 1006, 85, '09:05:02', '2019-12-09'),
(89, 1001, 75, '09:05:04', '2019-12-09'),
(90, 1006, 75, '09:05:04', '2019-12-09'),
(91, 1001, 70, '09:05:06', '2019-12-09'),
(92, 1006, 70, '09:05:06', '2019-12-09'),
(93, 1001, 60, '09:05:08', '2019-12-09'),
(94, 1006, 60, '09:05:09', '2019-12-09'),
(95, 1001, 0, '09:05:10', '2019-12-09'),
(96, 1006, 0, '09:05:10', '2019-12-09'),
(97, 1001, 0, '09:05:11', '2019-12-09'),
(98, 1006, 0, '09:05:12', '2019-12-09'),
(99, 1001, 0, '09:05:13', '2019-12-09'),
(100, 1006, 0, '09:05:14', '2019-12-09'),
(101, 1001, 60, '09:05:15', '2019-12-09'),
(102, 1001, 70, '09:05:16', '2019-12-09'),
(103, 1006, 60, '09:05:16', '2019-12-09'),
(104, 1001, 80, '09:05:18', '2019-12-09'),
(105, 1006, 70, '09:05:17', '2019-12-09'),
(106, 1001, 90, '09:05:19', '2019-12-09'),
(107, 1006, 80, '09:05:19', '2019-12-09'),
(108, 1001, 60, '09:05:21', '2019-12-09'),
(109, 1006, 90, '09:05:21', '2019-12-09'),
(110, 1006, 60, '09:05:22', '2019-12-09'),
(111, 1001, 60, '09:05:44', '2019-12-09'),
(112, 1001, 70, '09:05:46', '2019-12-09'),
(113, 1001, 80, '09:05:47', '2019-12-09'),
(114, 1001, 60, '09:06:11', '2019-12-09'),
(115, 1001, 70, '09:06:12', '2019-12-09'),
(116, 1001, 80, '09:06:14', '2019-12-09'),
(117, 1001, 80, '09:06:16', '2019-12-09'),
(118, 1001, 90, '09:06:17', '2019-12-09'),
(119, 1001, 85, '09:06:19', '2019-12-09'),
(120, 1001, 75, '09:06:20', '2019-12-09'),
(121, 1001, 70, '09:06:22', '2019-12-09'),
(122, 1001, 60, '09:06:24', '2019-12-09'),
(123, 1004, 60, '09:41:48', '2019-12-09'),
(124, 1004, 70, '09:41:50', '2019-12-09'),
(125, 1004, 80, '09:41:51', '2019-12-09'),
(126, 1004, 80, '09:41:53', '2019-12-09'),
(127, 1004, 90, '09:41:54', '2019-12-09'),
(128, 1004, 85, '09:41:56', '2019-12-09'),
(129, 1004, 75, '09:41:57', '2019-12-09'),
(130, 1004, 70, '09:41:59', '2019-12-09'),
(131, 1004, 60, '09:42:00', '2019-12-09'),
(132, 1004, 0, '09:42:02', '2019-12-09'),
(133, 1004, 0, '09:42:03', '2019-12-09'),
(134, 1004, 0, '09:42:05', '2019-12-09'),
(135, 1004, 60, '09:42:06', '2019-12-09'),
(136, 1004, 70, '09:42:08', '2019-12-09'),
(137, 1004, 80, '09:42:09', '2019-12-09'),
(138, 1004, 90, '09:42:11', '2019-12-09'),
(139, 1004, 60, '09:42:13', '2019-12-09'),
(140, 1004, 70, '09:42:14', '2019-12-09'),
(141, 1004, 80, '09:42:16', '2019-12-09'),
(142, 1004, 90, '09:42:17', '2019-12-09'),
(143, 1004, 60, '09:42:19', '2019-12-09'),
(144, 1004, 70, '09:42:20', '2019-12-09'),
(145, 1004, 80, '09:42:22', '2019-12-09'),
(146, 1004, 90, '09:42:23', '2019-12-09'),
(147, 1004, 60, '09:42:25', '2019-12-09'),
(148, 1004, 70, '09:42:26', '2019-12-09'),
(149, 1004, 80, '09:42:28', '2019-12-09'),
(150, 1004, 90, '09:42:29', '2019-12-09'),
(151, 1004, 60, '09:42:31', '2019-12-09'),
(152, 1004, 70, '09:42:32', '2019-12-09'),
(153, 1004, 80, '09:42:34', '2019-12-09'),
(154, 1004, 90, '09:42:35', '2019-12-09'),
(155, 1004, 60, '09:42:37', '2019-12-09'),
(156, 1004, 70, '09:42:38', '2019-12-09'),
(157, 1004, 80, '09:42:40', '2019-12-09'),
(158, 1004, 90, '09:42:42', '2019-12-09'),
(159, 1001, 60, '10:24:42', '2019-12-09'),
(160, 1001, 70, '10:24:44', '2019-12-09'),
(161, 1001, 80, '10:24:46', '2019-12-09'),
(162, 1001, 80, '10:24:47', '2019-12-09'),
(163, 1001, 90, '10:24:49', '2019-12-09'),
(164, 1001, 85, '10:24:51', '2019-12-09'),
(165, 1001, 75, '10:24:52', '2019-12-09'),
(166, 1001, 70, '10:24:54', '2019-12-09'),
(167, 1001, 60, '10:24:56', '2019-12-09'),
(168, 1001, 0, '10:24:57', '2019-12-09'),
(169, 1001, 0, '10:24:59', '2019-12-09'),
(170, 1001, 0, '10:25:01', '2019-12-09'),
(171, 1001, 60, '10:25:03', '2019-12-09'),
(172, 1001, 70, '10:25:04', '2019-12-09'),
(173, 1001, 80, '10:25:06', '2019-12-09'),
(174, 1001, 90, '10:25:08', '2019-12-09'),
(175, 1001, 60, '10:25:09', '2019-12-09'),
(176, 1001, 70, '10:25:11', '2019-12-09'),
(177, 1001, 80, '10:25:13', '2019-12-09'),
(178, 1001, 90, '10:25:14', '2019-12-09'),
(179, 1001, 60, '10:25:16', '2019-12-09'),
(180, 1001, 70, '10:25:18', '2019-12-09'),
(181, 1001, 80, '10:25:19', '2019-12-09'),
(182, 1001, 90, '10:25:21', '2019-12-09'),
(183, 1001, 60, '10:25:23', '2019-12-09'),
(184, 1001, 70, '10:25:24', '2019-12-09'),
(185, 1001, 80, '10:25:26', '2019-12-09'),
(186, 1001, 90, '10:25:28', '2019-12-09'),
(187, 1001, 60, '10:25:29', '2019-12-09'),
(188, 1001, 70, '10:25:31', '2019-12-09'),
(189, 1001, 80, '10:25:32', '2019-12-09'),
(190, 1001, 90, '10:25:34', '2019-12-09'),
(191, 1001, 60, '10:25:36', '2019-12-09'),
(192, 1001, 70, '10:25:37', '2019-12-09'),
(193, 1001, 80, '10:25:39', '2019-12-09'),
(194, 1001, 90, '10:25:41', '2019-12-09'),
(195, 1001, 60, '10:26:43', '2019-12-09'),
(196, 1001, 70, '10:26:45', '2019-12-09'),
(197, 1001, 80, '10:26:47', '2019-12-09'),
(198, 1001, 80, '10:26:48', '2019-12-09'),
(199, 1001, 90, '10:26:50', '2019-12-09'),
(200, 1001, 85, '10:26:52', '2019-12-09'),
(201, 1001, 75, '10:26:54', '2019-12-09'),
(202, 1001, 70, '10:26:55', '2019-12-09'),
(203, 1001, 60, '10:26:57', '2019-12-09'),
(204, 1001, 0, '10:26:59', '2019-12-09'),
(205, 1001, 0, '10:27:00', '2019-12-09'),
(206, 1001, 0, '10:27:02', '2019-12-09'),
(207, 1001, 60, '10:27:04', '2019-12-09'),
(208, 1001, 70, '10:27:05', '2019-12-09'),
(209, 1001, 80, '10:27:07', '2019-12-09'),
(210, 1001, 90, '10:27:08', '2019-12-09'),
(211, 1001, 60, '10:27:10', '2019-12-09'),
(212, 1001, 70, '10:27:12', '2019-12-09'),
(213, 1001, 80, '10:27:13', '2019-12-09'),
(214, 1001, 90, '10:27:15', '2019-12-09'),
(215, 1001, 60, '10:27:16', '2019-12-09'),
(216, 1001, 70, '10:27:18', '2019-12-09'),
(217, 1001, 80, '10:27:20', '2019-12-09'),
(218, 1001, 90, '10:27:21', '2019-12-09'),
(219, 1001, 60, '10:27:23', '2019-12-09'),
(220, 1001, 70, '10:27:25', '2019-12-09'),
(221, 1001, 80, '10:27:27', '2019-12-09'),
(222, 1002, 60, '12:13:26', '2019-12-09'),
(223, 1002, 70, '12:13:28', '2019-12-09'),
(224, 1002, 80, '12:13:29', '2019-12-09'),
(225, 1002, 80, '12:13:31', '2019-12-09'),
(226, 1002, 90, '12:13:32', '2019-12-09'),
(227, 1002, 85, '12:13:34', '2019-12-09'),
(228, 1002, 75, '12:13:36', '2019-12-09'),
(229, 1002, 70, '12:13:37', '2019-12-09'),
(230, 1002, 60, '12:13:39', '2019-12-09'),
(231, 1002, 0, '12:13:40', '2019-12-09'),
(232, 1002, 0, '12:13:42', '2019-12-09'),
(233, 1002, 0, '12:13:43', '2019-12-09'),
(234, 1002, 60, '12:13:45', '2019-12-09'),
(235, 1002, 70, '12:13:46', '2019-12-09'),
(236, 1002, 80, '12:13:48', '2019-12-09'),
(237, 1002, 90, '12:13:50', '2019-12-09'),
(238, 1002, 60, '12:13:51', '2019-12-09'),
(239, 1002, 70, '12:13:53', '2019-12-09'),
(240, 1002, 80, '12:13:54', '2019-12-09'),
(241, 1002, 90, '12:13:56', '2019-12-09'),
(242, 1002, 60, '12:13:57', '2019-12-09'),
(243, 1002, 70, '12:13:59', '2019-12-09'),
(244, 1002, 80, '12:14:00', '2019-12-09'),
(245, 1002, 90, '12:14:02', '2019-12-09'),
(246, 1002, 60, '12:14:03', '2019-12-09'),
(247, 1002, 70, '12:14:05', '2019-12-09'),
(248, 1002, 80, '12:14:07', '2019-12-09'),
(249, 1002, 90, '12:14:08', '2019-12-09'),
(250, 1002, 60, '12:14:10', '2019-12-09'),
(251, 1002, 70, '12:14:11', '2019-12-09'),
(252, 1002, 80, '12:14:13', '2019-12-09'),
(253, 1002, 90, '12:14:14', '2019-12-09'),
(254, 1002, 60, '12:14:16', '2019-12-09'),
(255, 1002, 60, '16:42:11', '2019-12-14'),
(256, 1002, 70, '16:42:13', '2019-12-14'),
(257, 1002, 80, '16:42:14', '2019-12-14'),
(258, 1002, 80, '16:42:16', '2019-12-14'),
(259, 1002, 90, '16:42:17', '2019-12-14'),
(260, 1002, 85, '16:42:19', '2019-12-14'),
(261, 1002, 75, '16:42:20', '2019-12-14'),
(262, 1002, 70, '16:42:22', '2019-12-14'),
(263, 1002, 60, '16:42:23', '2019-12-14'),
(264, 1002, 0, '16:42:25', '2019-12-14'),
(265, 1002, 0, '16:42:26', '2019-12-14'),
(266, 1002, 0, '16:42:28', '2019-12-14'),
(267, 1002, 60, '16:42:29', '2019-12-14'),
(268, 1002, 70, '16:42:31', '2019-12-14'),
(269, 1002, 80, '16:42:32', '2019-12-14'),
(270, 1002, 90, '16:42:34', '2019-12-14'),
(271, 1002, 60, '16:42:36', '2019-12-14'),
(272, 1002, 70, '16:42:37', '2019-12-14'),
(273, 1002, 80, '16:42:39', '2019-12-14'),
(274, 1002, 90, '16:42:40', '2019-12-14'),
(275, 1002, 60, '16:42:42', '2019-12-14'),
(276, 1002, 70, '16:42:43', '2019-12-14');

-- --------------------------------------------------------

--
-- Table structure for table `reading`
--

CREATE TABLE `reading` (
  `id` int(11) NOT NULL,
  `patient_id` int(11) NOT NULL,
  `minValueBloodPressure` double NOT NULL,
  `maxValueBloodPressure` double NOT NULL,
  `minValueTemperature` double NOT NULL,
  `maxValueTemperature` double NOT NULL,
  `minValueBreathingRate` double NOT NULL,
  `maxValueBreathingRate` double NOT NULL,
  `minValuePulseRate` double NOT NULL,
  `maxValuePulseRate` double NOT NULL
) ENGINE=InnoDB DEFAULT CHARSET=utf8mb4;

--
-- Dumping data for table `reading`
--

INSERT INTO `reading` (`id`, `patient_id`, `minValueBloodPressure`, `maxValueBloodPressure`, `minValueTemperature`, `maxValueTemperature`, `minValueBreathingRate`, `maxValueBreathingRate`, `minValuePulseRate`, `maxValuePulseRate`) VALUES
(7, 1001, 65, 125, 65, 125, 65, 125, 65, 125),
(8, 1002, 65, 125, 65, 125, 65, 125, 65, 125);

-- --------------------------------------------------------

--
-- Table structure for table `role`
--

CREATE TABLE `role` (
  `id` int(11) NOT NULL,
  `represent` varchar(20) NOT NULL,
  `position` varchar(20) NOT NULL
) ENGINE=InnoDB DEFAULT CHARSET=utf8mb4;

--
-- Dumping data for table `role`
--

INSERT INTO `role` (`id`, `represent`, `position`) VALUES
(1, 'MS', 'Medical Staff'),
(2, 'MG', 'Management'),
(3, 'C', 'Consultant'),
(4, 'N', 'Nurse');

-- --------------------------------------------------------

--
-- Table structure for table `schedule`
--

CREATE TABLE `schedule` (
  `id` int(11) NOT NULL,
  `staff_id` varchar(20) NOT NULL,
  `firstName` varchar(20) NOT NULL,
  `lastName` varchar(20) NOT NULL,
  `todayDate` date NOT NULL,
  `dutyStatus` varchar(3) NOT NULL
) ENGINE=InnoDB DEFAULT CHARSET=utf8mb4;

--
-- Dumping data for table `schedule`
--

INSERT INTO `schedule` (`id`, `staff_id`, `firstName`, `lastName`, `todayDate`, `dutyStatus`) VALUES
(1, 'N00001', 'Amy', 'Wong', '2019-12-09', 'Off'),
(2, 'N00002', 'Emelia', 'Tan', '2019-12-09', 'On'),
(3, 'N00003', 'Ava', 'Tan', '2019-12-09', 'Off'),
(4, 'N00004', 'Isabella', 'Tan', '2019-12-09', 'Off'),
(5, 'N00005', 'Sophia', 'Lee', '2019-12-09', 'On'),
(6, 'C00001', 'Adalee', 'Wong', '2019-12-09', 'Off'),
(7, 'C00002', 'Liam', 'Siao', '2019-12-09', 'On'),
(8, 'C00003', 'James', 'Lord', '2019-12-09', 'On');

-- --------------------------------------------------------

--
-- Table structure for table `smslog`
--

CREATE TABLE `smslog` (
  `id` int(11) NOT NULL,
  `bedsideId` int(11) NOT NULL,
  `staffId` varchar(100) NOT NULL,
  `description` varchar(100) NOT NULL,
  `dateTimeSent` datetime NOT NULL
) ENGINE=InnoDB DEFAULT CHARSET=utf8mb4;

--
-- Dumping data for table `smslog`
--

INSERT INTO `smslog` (`id`, `bedsideId`, `staffId`, `description`, `dateTimeSent`) VALUES
(1, 8, 'MS00010', 'Bedside 8 is trigger alarm', '2019-12-14 15:25:21'),
(2, 8, 'MS00010', 'Bedside 8 is trigger alarm', '2019-12-14 15:28:33'),
(3, 8, 'MS00010', 'Bedside 8 is trigger alarm', '2019-12-14 15:28:46'),
(4, 8, 'MS00010', 'Bedside 8 is trigger alarm', '2019-12-14 15:30:22'),
(5, 8, 'MS00010', 'Bedside 8 is trigger alarm', '2019-12-14 15:32:18'),
(6, 8, 'MS00010', 'Bedside 8 is trigger alarm', '2019-12-14 15:33:18'),
(7, 8, 'MS00010', 'Bedside 8 is trigger alarm', '2019-12-14 16:25:30'),
(8, 8, 'MS00009', 'Bedside 8 is trigger alarm', '2019-12-14 16:35:31'),
(9, 8, 'MS00010', 'Bedside 8 is trigger alarm', '2019-12-14 16:35:33'),
(10, 8, 'MS00009', 'Bedside 8 is trigger alarm', '2019-12-14 16:42:13'),
(11, 8, 'MS00010', 'Bedside 8 is trigger alarm', '2019-12-14 16:42:15'),
(12, 8, 'MS00009', 'Bedside 8 is trigger alarm', '2019-12-14 16:42:29'),
(13, 8, 'MS00010', 'Bedside 8 is trigger alarm', '2019-12-14 16:42:31'),
(14, 8, 'MS00009', 'Bedside 8 is trigger alarm', '2019-12-14 16:42:40'),
(15, 8, 'MS00010', 'Bedside 8 is trigger alarm', '2019-12-14 16:42:41');

-- --------------------------------------------------------

--
-- Table structure for table `temperature`
--

CREATE TABLE `temperature` (
  `id` int(11) NOT NULL,
  `patient_id` int(11) NOT NULL,
  `temperatureValue` double NOT NULL,
  `temperatureTime` time NOT NULL,
  `temperatureDate` date NOT NULL
) ENGINE=InnoDB DEFAULT CHARSET=utf8mb4;

--
-- Dumping data for table `temperature`
--

INSERT INTO `temperature` (`id`, `patient_id`, `temperatureValue`, `temperatureTime`, `temperatureDate`) VALUES
(56, 1006, 36.5, '09:04:54', '2019-12-09'),
(57, 1001, 36.5, '09:04:55', '2019-12-09'),
(58, 1006, 36.6, '09:04:55', '2019-12-09'),
(59, 1001, 36.6, '09:04:57', '2019-12-09'),
(60, 1006, 36.5, '09:04:57', '2019-12-09'),
(61, 1001, 36.5, '09:04:58', '2019-12-09'),
(62, 1006, 0, '09:04:59', '2019-12-09'),
(63, 1001, 0, '09:05:00', '2019-12-09'),
(64, 1006, 36.9, '09:05:01', '2019-12-09'),
(65, 1001, 36.9, '09:05:02', '2019-12-09'),
(66, 1001, 36.8, '09:05:03', '2019-12-09'),
(67, 1006, 36.8, '09:05:03', '2019-12-09'),
(68, 1001, 0, '09:05:05', '2019-12-09'),
(69, 1006, 0, '09:05:05', '2019-12-09'),
(70, 1001, 37.3, '09:05:07', '2019-12-09'),
(71, 1006, 37.3, '09:05:06', '2019-12-09'),
(72, 1001, 0, '09:05:09', '2019-12-09'),
(73, 1006, 0, '09:05:09', '2019-12-09'),
(74, 1001, 0, '09:05:11', '2019-12-09'),
(75, 1006, 0, '09:05:11', '2019-12-09'),
(76, 1001, 36.5, '09:05:13', '2019-12-09'),
(77, 1006, 36.5, '09:05:12', '2019-12-09'),
(78, 1001, 36.5, '09:05:14', '2019-12-09'),
(79, 1006, 36.5, '09:05:14', '2019-12-09'),
(80, 1001, 36.5, '09:05:16', '2019-12-09'),
(81, 1006, 36.5, '09:05:16', '2019-12-09'),
(82, 1001, 36.5, '09:05:18', '2019-12-09'),
(83, 1006, 36.5, '09:05:17', '2019-12-09'),
(84, 1001, 36.5, '09:05:19', '2019-12-09'),
(85, 1006, 36.5, '09:05:19', '2019-12-09'),
(86, 1001, 36.4, '09:05:21', '2019-12-09'),
(87, 1006, 36.4, '09:05:20', '2019-12-09'),
(88, 1006, 36.4, '09:05:22', '2019-12-09'),
(89, 1001, 36.5, '09:05:44', '2019-12-09'),
(90, 1001, 36.6, '09:05:46', '2019-12-09'),
(91, 1001, 36.5, '09:05:47', '2019-12-09'),
(92, 1001, 36.5, '09:06:11', '2019-12-09'),
(93, 1001, 36.6, '09:06:12', '2019-12-09'),
(94, 1001, 36.5, '09:06:14', '2019-12-09'),
(95, 1001, 0, '09:06:16', '2019-12-09'),
(96, 1001, 36.9, '09:06:17', '2019-12-09'),
(97, 1001, 36.8, '09:06:19', '2019-12-09'),
(98, 1001, 0, '09:06:20', '2019-12-09'),
(99, 1001, 37.3, '09:06:22', '2019-12-09'),
(100, 1001, 0, '09:06:24', '2019-12-09'),
(101, 1004, 36.5, '09:41:48', '2019-12-09'),
(102, 1004, 36.6, '09:41:50', '2019-12-09'),
(103, 1004, 36.5, '09:41:51', '2019-12-09'),
(104, 1004, 0, '09:41:53', '2019-12-09'),
(105, 1004, 36.9, '09:41:54', '2019-12-09'),
(106, 1004, 36.8, '09:41:56', '2019-12-09'),
(107, 1004, 0, '09:41:57', '2019-12-09'),
(108, 1004, 37.3, '09:41:59', '2019-12-09'),
(109, 1004, 0, '09:42:00', '2019-12-09'),
(110, 1004, 0, '09:42:02', '2019-12-09'),
(111, 1004, 36.5, '09:42:03', '2019-12-09'),
(112, 1004, 36.5, '09:42:05', '2019-12-09'),
(113, 1004, 36.5, '09:42:07', '2019-12-09'),
(114, 1004, 36.5, '09:42:08', '2019-12-09'),
(115, 1004, 36.5, '09:42:10', '2019-12-09'),
(116, 1004, 36.4, '09:42:11', '2019-12-09'),
(117, 1004, 36.4, '09:42:13', '2019-12-09'),
(118, 1004, 36.4, '09:42:14', '2019-12-09'),
(119, 1004, 36.4, '09:42:16', '2019-12-09'),
(120, 1001, 36.5, '10:24:42', '2019-12-09'),
(121, 1001, 36.6, '10:24:44', '2019-12-09'),
(122, 1001, 36.5, '10:24:46', '2019-12-09'),
(123, 1001, 0, '10:24:47', '2019-12-09'),
(124, 1001, 36.9, '10:24:49', '2019-12-09'),
(125, 1001, 36.8, '10:24:51', '2019-12-09'),
(126, 1001, 0, '10:24:53', '2019-12-09'),
(127, 1001, 37.3, '10:24:54', '2019-12-09'),
(128, 1001, 0, '10:24:56', '2019-12-09'),
(129, 1001, 0, '10:24:58', '2019-12-09'),
(130, 1001, 36.5, '10:24:59', '2019-12-09'),
(131, 1001, 36.5, '10:25:01', '2019-12-09'),
(132, 1001, 36.5, '10:25:03', '2019-12-09'),
(133, 1001, 36.5, '10:25:05', '2019-12-09'),
(134, 1001, 36.5, '10:25:06', '2019-12-09'),
(135, 1001, 36.4, '10:25:08', '2019-12-09'),
(136, 1001, 36.4, '10:25:10', '2019-12-09'),
(137, 1001, 36.4, '10:25:11', '2019-12-09'),
(138, 1001, 36.4, '10:25:13', '2019-12-09'),
(139, 1001, 36.5, '10:26:43', '2019-12-09'),
(140, 1001, 36.6, '10:26:45', '2019-12-09'),
(141, 1001, 36.5, '10:26:47', '2019-12-09'),
(142, 1001, 0, '10:26:49', '2019-12-09'),
(143, 1001, 36.9, '10:26:50', '2019-12-09'),
(144, 1001, 36.8, '10:26:52', '2019-12-09'),
(145, 1001, 0, '10:26:54', '2019-12-09'),
(146, 1001, 37.3, '10:26:55', '2019-12-09'),
(147, 1001, 0, '10:26:57', '2019-12-09'),
(148, 1001, 0, '10:26:59', '2019-12-09'),
(149, 1001, 36.5, '10:27:00', '2019-12-09'),
(150, 1001, 36.5, '10:27:02', '2019-12-09'),
(151, 1001, 36.5, '10:27:04', '2019-12-09'),
(152, 1001, 36.5, '10:27:05', '2019-12-09'),
(153, 1001, 36.5, '10:27:07', '2019-12-09'),
(154, 1001, 36.4, '10:27:09', '2019-12-09'),
(155, 1001, 36.4, '10:27:10', '2019-12-09'),
(156, 1001, 36.4, '10:27:12', '2019-12-09'),
(157, 1001, 36.4, '10:27:14', '2019-12-09'),
(158, 1002, 36.5, '12:13:26', '2019-12-09'),
(159, 1002, 36.6, '12:13:28', '2019-12-09'),
(160, 1002, 36.5, '12:13:30', '2019-12-09'),
(161, 1002, 0, '12:13:31', '2019-12-09'),
(162, 1002, 36.9, '12:13:33', '2019-12-09'),
(163, 1002, 36.8, '12:13:34', '2019-12-09'),
(164, 1002, 0, '12:13:36', '2019-12-09'),
(165, 1002, 37.3, '12:13:37', '2019-12-09'),
(166, 1002, 0, '12:13:39', '2019-12-09'),
(167, 1002, 0, '12:13:40', '2019-12-09'),
(168, 1002, 36.5, '12:13:42', '2019-12-09'),
(169, 1002, 36.5, '12:13:44', '2019-12-09'),
(170, 1002, 36.5, '12:13:45', '2019-12-09'),
(171, 1002, 36.5, '12:13:47', '2019-12-09'),
(172, 1002, 36.5, '12:13:48', '2019-12-09'),
(173, 1002, 36.4, '12:13:50', '2019-12-09'),
(174, 1002, 36.4, '12:13:52', '2019-12-09'),
(175, 1002, 36.4, '12:13:53', '2019-12-09'),
(176, 1002, 36.4, '12:13:55', '2019-12-09'),
(177, 1002, 36.5, '15:59:54', '2019-12-14'),
(178, 1002, 36.6, '15:59:56', '2019-12-14'),
(179, 1002, 36.5, '15:59:57', '2019-12-14'),
(180, 1002, 0, '15:59:59', '2019-12-14'),
(181, 1002, 36.9, '16:00:00', '2019-12-14'),
(182, 1002, 36.8, '16:00:02', '2019-12-14'),
(183, 1002, 0, '16:00:03', '2019-12-14'),
(184, 1002, 37.3, '16:00:05', '2019-12-14'),
(185, 1002, 0, '16:00:06', '2019-12-14'),
(186, 1002, 0, '16:00:08', '2019-12-14'),
(187, 1002, 36.5, '16:00:09', '2019-12-14'),
(188, 1002, 36.5, '16:00:11', '2019-12-14'),
(189, 1002, 36.5, '16:00:12', '2019-12-14'),
(190, 1002, 36.5, '16:00:14', '2019-12-14'),
(191, 1002, 36.5, '16:00:15', '2019-12-14'),
(192, 1002, 36.4, '16:00:17', '2019-12-14'),
(193, 1002, 36.4, '16:00:18', '2019-12-14'),
(194, 1002, 36.4, '16:00:20', '2019-12-14'),
(195, 1002, 36.4, '16:00:22', '2019-12-14'),
(196, 1002, 36.5, '16:02:01', '2019-12-14'),
(197, 1002, 36.6, '16:02:03', '2019-12-14'),
(198, 1002, 36.5, '16:02:04', '2019-12-14'),
(199, 1002, 0, '16:02:06', '2019-12-14'),
(200, 1002, 36.9, '16:02:07', '2019-12-14'),
(201, 1002, 36.8, '16:02:09', '2019-12-14'),
(202, 1002, 0, '16:02:10', '2019-12-14'),
(203, 1002, 37.3, '16:02:12', '2019-12-14'),
(204, 1002, 0, '16:02:13', '2019-12-14'),
(205, 1002, 0, '16:02:15', '2019-12-14'),
(206, 1002, 36.5, '16:03:42', '2019-12-14'),
(207, 1002, 36.6, '16:03:44', '2019-12-14'),
(208, 1002, 36.5, '16:03:45', '2019-12-14'),
(209, 1002, 0, '16:03:47', '2019-12-14'),
(210, 1002, 36.9, '16:03:48', '2019-12-14'),
(211, 1002, 36.8, '16:03:50', '2019-12-14'),
(212, 1002, 0, '16:03:51', '2019-12-14'),
(213, 1002, 37.3, '16:03:53', '2019-12-14'),
(214, 1002, 0, '16:03:54', '2019-12-14'),
(215, 1002, 36.5, '16:06:18', '2019-12-14'),
(216, 1002, 36.6, '16:06:20', '2019-12-14'),
(217, 1002, 36.5, '16:06:22', '2019-12-14'),
(218, 1002, 0, '16:06:23', '2019-12-14'),
(219, 1002, 36.5, '16:07:19', '2019-12-14'),
(220, 1002, 36.6, '16:07:20', '2019-12-14'),
(221, 1002, 36.5, '16:07:22', '2019-12-14'),
(222, 1002, 0, '16:07:23', '2019-12-14'),
(223, 1002, 36.5, '16:09:42', '2019-12-14'),
(224, 1002, 36.6, '16:09:44', '2019-12-14'),
(225, 1002, 36.5, '16:09:45', '2019-12-14'),
(226, 1002, 0, '16:09:47', '2019-12-14'),
(227, 1002, 36.9, '16:09:48', '2019-12-14'),
(228, 1002, 36.8, '16:09:50', '2019-12-14'),
(229, 1002, 0, '16:09:51', '2019-12-14'),
(230, 1002, 37.3, '16:09:53', '2019-12-14'),
(231, 1002, 0, '16:09:54', '2019-12-14'),
(232, 1002, 0, '16:09:56', '2019-12-14'),
(233, 1002, 36.5, '16:09:57', '2019-12-14'),
(234, 1002, 36.5, '16:11:34', '2019-12-14'),
(235, 1002, 36.6, '16:11:35', '2019-12-14'),
(236, 1002, 36.5, '16:11:37', '2019-12-14'),
(237, 1002, 0, '16:11:38', '2019-12-14'),
(238, 1002, 36.5, '16:12:18', '2019-12-14'),
(239, 1002, 36.6, '16:12:19', '2019-12-14'),
(240, 1002, 36.5, '16:12:21', '2019-12-14'),
(241, 1002, 0, '16:12:22', '2019-12-14'),
(242, 1002, 36.5, '16:13:36', '2019-12-14'),
(243, 1002, 36.6, '16:13:38', '2019-12-14'),
(244, 1002, 36.5, '16:13:39', '2019-12-14'),
(245, 1002, 0, '16:13:41', '2019-12-14'),
(246, 1002, 36.5, '16:19:22', '2019-12-14'),
(247, 1002, 36.6, '16:19:24', '2019-12-14'),
(248, 1002, 36.5, '16:19:25', '2019-12-14'),
(249, 1002, 0, '16:19:27', '2019-12-14'),
(250, 1002, 36.5, '16:21:58', '2019-12-14'),
(251, 1002, 36.6, '16:21:59', '2019-12-14'),
(252, 1002, 36.5, '16:22:01', '2019-12-14'),
(253, 1002, 0, '16:22:02', '2019-12-14'),
(254, 1002, 36.9, '16:22:04', '2019-12-14'),
(255, 1002, 36.8, '16:22:05', '2019-12-14'),
(256, 1002, 0, '16:22:07', '2019-12-14'),
(257, 1002, 37.3, '16:22:08', '2019-12-14'),
(258, 1002, 0, '16:22:10', '2019-12-14'),
(259, 1002, 0, '16:22:11', '2019-12-14'),
(260, 1002, 36.5, '16:22:13', '2019-12-14'),
(261, 1002, 36.5, '16:22:14', '2019-12-14'),
(262, 1002, 36.5, '16:22:16', '2019-12-14'),
(263, 1002, 36.5, '16:22:17', '2019-12-14'),
(264, 1002, 36.5, '16:22:19', '2019-12-14'),
(265, 1002, 36.4, '16:22:20', '2019-12-14'),
(266, 1002, 36.4, '16:22:22', '2019-12-14'),
(267, 1002, 36.4, '16:22:24', '2019-12-14'),
(268, 1002, 36.4, '16:22:25', '2019-12-14'),
(269, 1002, 36.5, '16:23:29', '2019-12-14'),
(270, 1002, 36.6, '16:23:30', '2019-12-14'),
(271, 1002, 36.5, '16:23:32', '2019-12-14'),
(272, 1002, 0, '16:23:33', '2019-12-14'),
(273, 1002, 36.9, '16:23:35', '2019-12-14'),
(274, 1002, 36.8, '16:23:36', '2019-12-14'),
(275, 1002, 0, '16:23:38', '2019-12-14'),
(276, 1002, 37.3, '16:23:39', '2019-12-14'),
(277, 1002, 0, '16:23:41', '2019-12-14'),
(278, 1002, 0, '16:23:43', '2019-12-14'),
(279, 1002, 36.5, '16:23:44', '2019-12-14'),
(280, 1002, 36.5, '16:25:01', '2019-12-14'),
(281, 1002, 36.6, '16:25:03', '2019-12-14'),
(282, 1002, 36.5, '16:25:04', '2019-12-14'),
(283, 1002, 0, '16:25:06', '2019-12-14'),
(284, 1002, 36.9, '16:25:07', '2019-12-14'),
(285, 1002, 36.8, '16:25:09', '2019-12-14'),
(286, 1002, 0, '16:25:10', '2019-12-14'),
(287, 1002, 37.3, '16:25:12', '2019-12-14'),
(288, 1002, 0, '16:25:13', '2019-12-14'),
(289, 1002, 0, '16:25:15', '2019-12-14'),
(290, 1002, 36.5, '16:25:16', '2019-12-14'),
(291, 1002, 36.5, '16:25:18', '2019-12-14'),
(292, 1002, 36.5, '16:25:19', '2019-12-14'),
(293, 1002, 36.5, '16:35:25', '2019-12-14'),
(294, 1002, 36.6, '16:35:26', '2019-12-14'),
(295, 1002, 36.5, '16:35:28', '2019-12-14'),
(296, 1002, 0, '16:35:29', '2019-12-14'),
(297, 1002, 36.9, '16:35:31', '2019-12-14'),
(298, 1002, 36.8, '16:35:32', '2019-12-14'),
(299, 1002, 0, '16:35:34', '2019-12-14'),
(300, 1002, 37.3, '16:35:35', '2019-12-14'),
(301, 1002, 0, '16:35:37', '2019-12-14'),
(302, 1002, 0, '16:35:38', '2019-12-14'),
(303, 1002, 36.5, '16:42:11', '2019-12-14'),
(304, 1002, 36.6, '16:42:13', '2019-12-14'),
(305, 1002, 36.5, '16:42:14', '2019-12-14'),
(306, 1002, 0, '16:42:16', '2019-12-14'),
(307, 1002, 36.9, '16:42:17', '2019-12-14'),
(308, 1002, 36.8, '16:42:19', '2019-12-14'),
(309, 1002, 0, '16:42:20', '2019-12-14'),
(310, 1002, 37.3, '16:42:22', '2019-12-14'),
(311, 1002, 0, '16:42:23', '2019-12-14'),
(312, 1002, 0, '16:42:25', '2019-12-14'),
(313, 1002, 36.5, '16:42:26', '2019-12-14'),
(314, 1002, 36.5, '16:42:28', '2019-12-14'),
(315, 1002, 36.5, '16:42:29', '2019-12-14'),
(316, 1002, 36.5, '16:42:31', '2019-12-14'),
(317, 1002, 36.5, '16:42:32', '2019-12-14'),
(318, 1002, 36.4, '16:42:34', '2019-12-14'),
(319, 1002, 36.4, '16:42:36', '2019-12-14'),
(320, 1002, 36.4, '16:42:37', '2019-12-14'),
(321, 1002, 36.4, '16:42:39', '2019-12-14');

-- --------------------------------------------------------

--
-- Table structure for table `user_account`
--

CREATE TABLE `user_account` (
  `id` int(11) NOT NULL,
  `role_representative` varchar(20) NOT NULL,
  `password` varchar(20) NOT NULL,
  `loginStatus` tinyint(1) NOT NULL,
  `dateTimeRegister` datetime NOT NULL,
  `dateTimeLogin` datetime NOT NULL,
  `dateTimeLogOut` datetime NOT NULL
) ENGINE=InnoDB DEFAULT CHARSET=utf8mb4;

--
-- Dumping data for table `user_account`
--

INSERT INTO `user_account` (`id`, `role_representative`, `password`, `loginStatus`, `dateTimeRegister`, `dateTimeLogin`, `dateTimeLogOut`) VALUES
(1001, 'N', '123456', 1, '2019-10-27 00:00:00', '2019-12-14 17:54:39', '2019-12-09 18:19:38'),
(1002, 'N', '123456', 0, '2019-11-26 00:00:00', '2019-11-26 00:00:00', '2019-11-26 00:00:00'),
(1003, 'N', '123456', 0, '2019-11-26 00:00:00', '2019-11-26 00:00:00', '2019-11-26 00:00:00'),
(1004, 'N', '123456', 0, '2019-11-26 00:00:00', '2019-11-26 00:00:00', '2019-11-26 00:00:00'),
(1005, 'N', '123456', 0, '2019-11-26 00:00:00', '2019-11-26 00:00:00', '2019-11-26 00:00:00'),
(1006, 'C', '3456789', 0, '2019-11-26 00:00:00', '2019-12-08 21:42:36', '2019-12-08 21:42:41'),
(1007, 'C', '3456789', 0, '2019-11-26 00:00:00', '2019-11-26 00:00:00', '2019-11-26 00:00:00'),
(1008, 'C', '3456789', 0, '2019-11-26 00:00:00', '2019-11-26 00:00:00', '2019-11-26 00:00:00'),
(1009, 'C', '3456789', 0, '2019-11-26 00:00:00', '2019-11-26 00:00:00', '2019-11-26 00:00:00'),
(1010, 'C', '3456789', 0, '2019-11-26 00:00:00', '2019-11-26 00:00:00', '2019-11-26 00:00:00'),
(1011, 'MS', '4567890', 0, '2019-11-26 00:00:00', '2019-12-08 21:42:13', '2019-12-08 21:42:21'),
(1012, 'MS', '4567890', 0, '2019-11-26 00:00:00', '2019-11-26 00:00:00', '2019-11-26 00:00:00'),
(1013, 'MS', '3456789', 0, '2019-11-26 00:00:00', '2019-11-26 00:00:00', '2019-11-26 00:00:00'),
(1014, 'MS', '3456789', 0, '2019-11-26 00:00:00', '2019-11-26 00:00:00', '2019-11-26 00:00:00'),
(1015, 'MS', '3456789', 0, '2019-11-26 00:00:00', '2019-11-26 00:00:00', '2019-11-26 00:00:00'),
(1016, 'MS', '4567890', 0, '2019-11-26 00:00:00', '2019-11-26 00:00:00', '2019-11-26 00:00:00'),
(1017, 'MS', '123456', 0, '2019-11-26 00:00:00', '2019-11-26 00:00:00', '2019-11-26 00:00:00'),
(1018, 'MS', '3456789', 0, '2019-11-26 00:00:00', '2019-11-26 00:00:00', '2019-11-26 00:00:00'),
(1019, 'MS', '3456789', 0, '2019-11-26 00:00:00', '2019-11-26 00:00:00', '2019-11-26 00:00:00'),
(1020, 'MS', '3456789', 0, '2019-11-26 00:00:00', '2019-11-26 00:00:00', '2019-11-26 00:00:00'),
(1021, 'MG', '555555', 0, '2019-11-03 00:00:00', '2019-12-08 21:43:04', '2019-12-08 21:43:09'),
(1022, 'MG', '444444', 0, '2019-11-04 00:00:00', '2019-11-29 11:44:48', '2019-11-04 00:00:00');

--
-- Indexes for dumped tables
--

--
-- Indexes for table `alarm`
--
ALTER TABLE `alarm`
  ADD PRIMARY KEY (`id`),
  ADD KEY `patient_id` (`patient_id`),
  ADD KEY `reading_id` (`reading_id`);

--
-- Indexes for table `bedsidemonitor`
--
ALTER TABLE `bedsidemonitor`
  ADD PRIMARY KEY (`id`),
  ADD KEY `centralStation_id` (`centralStation_id`);

--
-- Indexes for table `bloodpressure`
--
ALTER TABLE `bloodpressure`
  ADD PRIMARY KEY (`id`),
  ADD KEY `patient_id` (`patient_id`);

--
-- Indexes for table `breathingrate`
--
ALTER TABLE `breathingrate`
  ADD PRIMARY KEY (`id`),
  ADD KEY `patient_id` (`patient_id`);

--
-- Indexes for table `centralstation`
--
ALTER TABLE `centralstation`
  ADD PRIMARY KEY (`id`);

--
-- Indexes for table `consultant`
--
ALTER TABLE `consultant`
  ADD PRIMARY KEY (`id`),
  ADD UNIQUE KEY `consultant_id` (`consultant_id`),
  ADD UNIQUE KEY `NRIC` (`identityCard`),
  ADD KEY `user_account_id` (`user_account_id`);

--
-- Indexes for table `management`
--
ALTER TABLE `management`
  ADD PRIMARY KEY (`id`),
  ADD UNIQUE KEY `management_id` (`management_id`),
  ADD UNIQUE KEY `NRIC` (`identityCard`),
  ADD KEY `user_account_id` (`user_account_id`);

--
-- Indexes for table `medicalstaff`
--
ALTER TABLE `medicalstaff`
  ADD PRIMARY KEY (`id`),
  ADD UNIQUE KEY `nurse_id` (`medicalStaff_id`),
  ADD UNIQUE KEY `NRIC` (`identityCard`),
  ADD UNIQUE KEY `user_account_id` (`user_account_id`) USING BTREE;

--
-- Indexes for table `nurse`
--
ALTER TABLE `nurse`
  ADD PRIMARY KEY (`id`),
  ADD UNIQUE KEY `NRIC` (`identityCard`),
  ADD UNIQUE KEY `nurse_id` (`nurse_id`),
  ADD KEY `user_account_id` (`user_account_id`);

--
-- Indexes for table `patient`
--
ALTER TABLE `patient`
  ADD PRIMARY KEY (`id`),
  ADD UNIQUE KEY `NRIC` (`identityCard`);

--
-- Indexes for table `pulserate`
--
ALTER TABLE `pulserate`
  ADD PRIMARY KEY (`id`),
  ADD KEY `patient_id` (`patient_id`);

--
-- Indexes for table `reading`
--
ALTER TABLE `reading`
  ADD PRIMARY KEY (`id`),
  ADD KEY `patient_id` (`patient_id`);

--
-- Indexes for table `role`
--
ALTER TABLE `role`
  ADD PRIMARY KEY (`id`),
  ADD UNIQUE KEY `represent` (`represent`);

--
-- Indexes for table `schedule`
--
ALTER TABLE `schedule`
  ADD PRIMARY KEY (`id`);

--
-- Indexes for table `smslog`
--
ALTER TABLE `smslog`
  ADD PRIMARY KEY (`id`);

--
-- Indexes for table `temperature`
--
ALTER TABLE `temperature`
  ADD PRIMARY KEY (`id`),
  ADD KEY `patient_id` (`patient_id`);

--
-- Indexes for table `user_account`
--
ALTER TABLE `user_account`
  ADD PRIMARY KEY (`id`),
  ADD KEY `role_representative` (`role_representative`);

--
-- AUTO_INCREMENT for dumped tables
--

--
-- AUTO_INCREMENT for table `alarm`
--
ALTER TABLE `alarm`
  MODIFY `id` int(11) NOT NULL AUTO_INCREMENT, AUTO_INCREMENT=73;

--
-- AUTO_INCREMENT for table `bedsidemonitor`
--
ALTER TABLE `bedsidemonitor`
  MODIFY `id` int(4) NOT NULL AUTO_INCREMENT, AUTO_INCREMENT=9;

--
-- AUTO_INCREMENT for table `bloodpressure`
--
ALTER TABLE `bloodpressure`
  MODIFY `id` int(11) NOT NULL AUTO_INCREMENT, AUTO_INCREMENT=159;

--
-- AUTO_INCREMENT for table `breathingrate`
--
ALTER TABLE `breathingrate`
  MODIFY `id` int(11) NOT NULL AUTO_INCREMENT, AUTO_INCREMENT=391;

--
-- AUTO_INCREMENT for table `centralstation`
--
ALTER TABLE `centralstation`
  MODIFY `id` int(11) NOT NULL AUTO_INCREMENT, AUTO_INCREMENT=2003;

--
-- AUTO_INCREMENT for table `consultant`
--
ALTER TABLE `consultant`
  MODIFY `id` int(5) UNSIGNED ZEROFILL NOT NULL AUTO_INCREMENT, AUTO_INCREMENT=100006;

--
-- AUTO_INCREMENT for table `management`
--
ALTER TABLE `management`
  MODIFY `id` int(5) UNSIGNED ZEROFILL NOT NULL AUTO_INCREMENT, AUTO_INCREMENT=3;

--
-- AUTO_INCREMENT for table `medicalstaff`
--
ALTER TABLE `medicalstaff`
  MODIFY `id` int(5) UNSIGNED ZEROFILL NOT NULL AUTO_INCREMENT, AUTO_INCREMENT=11;

--
-- AUTO_INCREMENT for table `nurse`
--
ALTER TABLE `nurse`
  MODIFY `id` int(5) UNSIGNED ZEROFILL NOT NULL AUTO_INCREMENT, AUTO_INCREMENT=6;

--
-- AUTO_INCREMENT for table `patient`
--
ALTER TABLE `patient`
  MODIFY `id` int(11) NOT NULL AUTO_INCREMENT, AUTO_INCREMENT=1010;

--
-- AUTO_INCREMENT for table `pulserate`
--
ALTER TABLE `pulserate`
  MODIFY `id` int(11) NOT NULL AUTO_INCREMENT, AUTO_INCREMENT=277;

--
-- AUTO_INCREMENT for table `reading`
--
ALTER TABLE `reading`
  MODIFY `id` int(11) NOT NULL AUTO_INCREMENT, AUTO_INCREMENT=9;

--
-- AUTO_INCREMENT for table `role`
--
ALTER TABLE `role`
  MODIFY `id` int(11) NOT NULL AUTO_INCREMENT, AUTO_INCREMENT=5;

--
-- AUTO_INCREMENT for table `schedule`
--
ALTER TABLE `schedule`
  MODIFY `id` int(11) NOT NULL AUTO_INCREMENT, AUTO_INCREMENT=23;

--
-- AUTO_INCREMENT for table `smslog`
--
ALTER TABLE `smslog`
  MODIFY `id` int(11) NOT NULL AUTO_INCREMENT, AUTO_INCREMENT=16;

--
-- AUTO_INCREMENT for table `temperature`
--
ALTER TABLE `temperature`
  MODIFY `id` int(11) NOT NULL AUTO_INCREMENT, AUTO_INCREMENT=322;

--
-- AUTO_INCREMENT for table `user_account`
--
ALTER TABLE `user_account`
  MODIFY `id` int(11) NOT NULL AUTO_INCREMENT, AUTO_INCREMENT=1023;

--
-- Constraints for dumped tables
--

--
-- Constraints for table `alarm`
--
ALTER TABLE `alarm`
  ADD CONSTRAINT `alarm - patient` FOREIGN KEY (`patient_id`) REFERENCES `patient` (`id`) ON DELETE CASCADE ON UPDATE CASCADE;

--
-- Constraints for table `bedsidemonitor`
--
ALTER TABLE `bedsidemonitor`
  ADD CONSTRAINT `bedsidemonitor - centralStation` FOREIGN KEY (`centralStation_id`) REFERENCES `centralstation` (`id`) ON DELETE CASCADE ON UPDATE CASCADE;

--
-- Constraints for table `bloodpressure`
--
ALTER TABLE `bloodpressure`
  ADD CONSTRAINT `bloodpressure - patient_id` FOREIGN KEY (`patient_id`) REFERENCES `patient` (`id`) ON DELETE CASCADE ON UPDATE CASCADE;

--
-- Constraints for table `breathingrate`
--
ALTER TABLE `breathingrate`
  ADD CONSTRAINT `breathingrate - patient_id` FOREIGN KEY (`patient_id`) REFERENCES `patient` (`id`) ON DELETE CASCADE ON UPDATE CASCADE;

--
-- Constraints for table `consultant`
--
ALTER TABLE `consultant`
  ADD CONSTRAINT `consultant - user_account_id` FOREIGN KEY (`user_account_id`) REFERENCES `user_account` (`id`) ON DELETE CASCADE ON UPDATE CASCADE;

--
-- Constraints for table `management`
--
ALTER TABLE `management`
  ADD CONSTRAINT `management - user_account_id` FOREIGN KEY (`user_account_id`) REFERENCES `user_account` (`id`) ON DELETE CASCADE ON UPDATE CASCADE;

--
-- Constraints for table `medicalstaff`
--
ALTER TABLE `medicalstaff`
  ADD CONSTRAINT `medicalStaff - user_account_id` FOREIGN KEY (`user_account_id`) REFERENCES `user_account` (`id`) ON DELETE CASCADE ON UPDATE CASCADE;

--
-- Constraints for table `nurse`
--
ALTER TABLE `nurse`
  ADD CONSTRAINT `nurse - user_account_id` FOREIGN KEY (`user_account_id`) REFERENCES `user_account` (`id`) ON DELETE CASCADE ON UPDATE CASCADE;

--
-- Constraints for table `pulserate`
--
ALTER TABLE `pulserate`
  ADD CONSTRAINT `pulserate - patient_id` FOREIGN KEY (`patient_id`) REFERENCES `patient` (`id`) ON DELETE CASCADE ON UPDATE CASCADE;

--
-- Constraints for table `temperature`
--
ALTER TABLE `temperature`
  ADD CONSTRAINT `temperature - patient_id` FOREIGN KEY (`patient_id`) REFERENCES `patient` (`id`) ON DELETE CASCADE ON UPDATE CASCADE;

--
-- Constraints for table `user_account`
--
ALTER TABLE `user_account`
  ADD CONSTRAINT `user_account - role_represent` FOREIGN KEY (`role_representative`) REFERENCES `role` (`represent`) ON DELETE CASCADE ON UPDATE CASCADE;
COMMIT;

/*!40101 SET CHARACTER_SET_CLIENT=@OLD_CHARACTER_SET_CLIENT */;
/*!40101 SET CHARACTER_SET_RESULTS=@OLD_CHARACTER_SET_RESULTS */;
/*!40101 SET COLLATION_CONNECTION=@OLD_COLLATION_CONNECTION */;
